time,Volatility
2020-04-23 09:30:00-04:00,145.03910399999987
2020-04-23 09:29:00-04:00,145.07060399999986
2020-04-23 09:24:00-04:00,145.46498399999987
2020-04-23 09:23:00-04:00,145.81378399999988
2020-04-23 09:22:00-04:00,145.95478399999988
2020-04-23 09:21:00-04:00,146.10798399999987
2020-04-23 09:20:00-04:00,146.2891839999999
2020-04-23 09:19:00-04:00,146.2691999999999
2020-04-23 09:18:00-04:00,146.25919999999988
2020-04-23 09:17:00-04:00,146.27919999999986
2020-04-23 09:16:00-04:00,146.32719999999986
2020-04-23 09:15:00-04:00,146.31399999999985
2020-04-23 09:14:00-04:00,146.23199999999986
2020-04-23 09:13:00-04:00,146.22799999999987
2020-04-23 09:12:00-04:00,146.19599999999986
2020-04-23 09:11:00-04:00,146.11999999999986
2020-04-23 09:10:00-04:00,146.15199999999987
2020-04-23 09:09:00-04:00,146.15959999999987
2020-04-23 09:08:00-04:00,146.08359999999988
2020-04-23 09:07:00-04:00,146.08562399999988
2020-04-23 09:06:00-04:00,146.12162399999988
2020-04-23 09:05:00-04:00,146.08562399999988
2020-04-23 09:04:00-04:00,146.1140239999999
2020-04-23 09:03:00-04:00,146.2340239999999
2020-04-23 09:02:00-04:00,146.2723999999999
2020-04-23 09:01:00-04:00,146.3563999999999
2020-04-23 09:00:00-04:00,146.4939999999999
2020-04-23 08:59:00-04:00,146.6379999999999
2020-04-23 08:58:00-04:00,146.7179999999999
2020-04-23 08:57:00-04:00,146.8495999999999
2020-04-23 08:56:00-04:00,146.9615999999999
2020-04-23 08:55:00-04:00,147.04239999999987
2020-04-23 08:54:00-04:00,147.11399999999986
2020-04-23 08:53:00-04:00,147.15399999999985
2020-04-23 08:52:00-04:00,147.09601599999985
2020-04-23 08:51:00-04:00,147.02401599999988
2020-04-23 08:50:00-04:00,146.96161599999988
2020-04-23 08:49:00-04:00,146.9420159999999
2020-04-23 08:48:00-04:00,146.9404159999999
2020-04-23 08:47:00-04:00,147.01839999999993
2020-04-23 08:46:00-04:00,147.07599999999994
2020-04-23 08:45:00-04:00,147.07559999999995
2020-04-23 08:44:00-04:00,146.94040799999993
2020-04-23 08:43:00-04:00,146.78200799999993
2020-04-23 08:42:00-04:00,146.66200799999993
2020-04-23 08:41:00-04:00,146.60440799999992
2020-04-23 08:40:00-04:00,146.6056079999999
2020-04-23 08:39:00-04:00,146.61159999999992
2020-04-23 08:38:00-04:00,146.65159999999995
2020-04-23 08:37:00-04:00,146.57199999999995
2020-04-23 08:36:00-04:00,146.45199999999994
2020-04-23 08:35:00-04:00,146.29119999999995
2020-04-23 08:34:00-04:00,146.14359999999996
2020-04-23 08:33:00-04:00,145.97799999999998
2020-04-23 08:32:00-04:00,145.87287999999998
2020-04-23 08:31:00-04:00,145.83288
2020-04-22 09:29:00-04:00,141.46090799999985
2020-04-22 09:28:00-04:00,141.19450399999982
2020-04-22 09:27:00-04:00,141.01956799999982
2020-04-22 09:26:00-04:00,140.7243959999998
2020-04-22 09:25:00-04:00,140.50759999999983
2020-04-22 09:24:00-04:00,140.55999999999983
2020-04-22 09:23:00-04:00,140.48439999999982
2020-04-22 09:22:00-04:00,140.48439999999982
2020-04-22 09:21:00-04:00,140.46239999999983
2020-04-22 09:20:00-04:00,140.4643999999998
2020-04-22 09:19:00-04:00,140.44679999999983
2020-04-22 09:18:00-04:00,140.52239999999983
2020-04-22 09:17:00-04:00,140.56240399999984
2020-04-22 09:16:00-04:00,140.66480399999983
2020-04-22 09:15:00-04:00,140.73080399999986
2020-04-22 09:14:00-04:00,140.79520399999987
2020-04-22 09:13:00-04:00,140.8232039999999
2020-04-22 09:12:00-04:00,140.8331999999999
2020-04-22 09:11:00-04:00,140.83279999999988
2020-04-22 09:10:00-04:00,140.76879999999989
2020-04-22 09:09:00-04:00,140.68199999999987
2020-04-22 09:08:00-04:00,140.5739999999999
2020-04-22 09:07:00-04:00,140.46399999999988
2020-04-22 09:06:00-04:00,140.44599999999986
2020-04-22 09:05:00-04:00,140.55311199999989
2020-04-22 09:04:00-04:00,140.6731119999999
2020-04-22 09:03:00-04:00,140.79511199999988
2020-04-22 09:02:00-04:00,140.93511599999988
2020-04-22 09:01:00-04:00,140.99311199999988
2020-04-22 09:00:00-04:00,141.0019999999999
2020-04-22 08:59:00-04:00,141.0359999999999
2020-04-22 08:58:00-04:00,140.95439999999988
2020-04-22 08:57:00-04:00,140.91479599999988
2020-04-22 08:56:00-04:00,140.9508039999999
2020-04-22 08:55:00-04:00,140.96360399999986
2020-04-22 08:54:00-04:00,140.96920399999988
2020-04-22 08:53:00-04:00,141.07387199999988
2020-04-22 08:52:00-04:00,141.19347199999987
2020-04-22 08:51:00-04:00,141.17413599999986
2020-04-22 08:50:00-04:00,141.20133599999988
2020-04-22 08:49:00-04:00,141.1153359999999
2020-04-22 08:48:00-04:00,140.93306799999988
2020-04-22 08:47:00-04:00,140.73306799999986
2020-04-22 08:46:00-04:00,140.63639999999987
2020-04-22 08:45:00-04:00,140.47719999999987
2020-04-22 08:44:00-04:00,140.36319999999984
2020-04-22 08:43:00-04:00,140.31799999999984
2020-04-22 08:42:00-04:00,140.19719999999987
2020-04-22 08:41:00-04:00,139.97719999999987
2020-04-22 08:40:00-04:00,139.85159999999988
2020-04-22 08:39:00-04:00,139.6542439999999
2020-04-22 08:38:00-04:00,139.57024399999986
2020-04-22 08:37:00-04:00,139.5310439999999
2020-04-22 08:36:00-04:00,139.50904399999988
2020-04-22 08:35:00-04:00,139.46424399999987
2020-04-22 08:34:00-04:00,139.42559999999986
2020-04-22 08:33:00-04:00,139.27799999999988
2020-04-22 08:32:00-04:00,139.12199999999987
2020-04-21 09:30:00-04:00,147.13939999999988
2020-04-21 09:29:00-04:00,146.81499999999988
2020-04-21 09:28:00-04:00,146.74799999999988
2020-04-21 09:27:00-04:00,146.50799999999987
2020-04-21 09:26:00-04:00,146.70959999999985
2020-04-21 09:25:00-04:00,146.9571999999999
2020-04-21 09:24:00-04:00,147.1971999999999
2020-04-21 09:23:00-04:00,147.22319999999988
2020-04-21 09:22:00-04:00,147.22479999999987
2020-04-21 09:21:00-04:00,147.22279999999986
2020-04-21 09:20:00-04:00,147.26279999999988
2020-04-21 09:19:00-04:00,147.2527999999999
2020-04-21 09:18:00-04:00,147.2127999999999
2020-04-21 09:17:00-04:00,147.1923999999999
2020-04-21 09:16:00-04:00,147.1719999999999
2020-04-21 09:15:00-04:00,147.12319999999994
2020-04-21 09:14:00-04:00,147.05519999999996
2020-04-21 09:13:00-04:00,146.93919999999994
2020-04-21 09:12:00-04:00,146.89719999999994
2020-04-21 09:11:00-04:00,146.8371999999999
2020-04-21 09:10:00-04:00,146.8059959999999
2020-04-21 09:09:00-04:00,146.68839599999993
2020-04-21 09:08:00-04:00,146.68039599999992
2020-04-21 09:07:00-04:00,146.59199599999994
2020-04-21 09:06:00-04:00,146.44799599999993
2020-04-21 09:05:00-04:00,146.23959999999994
2020-04-21 09:04:00-04:00,146.16879999999992
2020-04-21 09:03:00-04:00,146.0167999999999
2020-04-21 09:02:00-04:00,145.9327999999999
2020-04-21 09:01:00-04:00,145.8367999999999
2020-04-21 09:00:00-04:00,145.7651999999999
2020-04-21 08:59:00-04:00,145.71159999999992
2020-04-21 08:58:00-04:00,145.7267999999999
2020-04-21 08:57:00-04:00,145.61919999999992
2020-04-21 08:56:00-04:00,145.5391999999999
2020-04-21 08:51:00-04:00,145.4011999999999
2020-04-21 08:50:00-04:00,145.27319999999992
2020-04-21 08:49:00-04:00,145.0939999999999
2020-04-21 08:48:00-04:00,144.99799599999992
2020-04-21 08:47:00-04:00,144.94799599999993
2020-04-21 08:46:00-04:00,144.96559599999995
2020-04-21 08:44:00-04:00,144.96248399999993
2020-04-21 08:41:00-04:00,144.95848399999994
2020-04-21 08:40:00-04:00,144.96948799999993
2020-04-21 08:39:00-04:00,144.98148799999996
2020-04-21 08:38:00-04:00,144.98188799999994
2020-04-21 08:37:00-04:00,145.00859999999994
2020-04-21 08:36:00-04:00,144.98859999999993
2020-04-21 08:35:00-04:00,144.92399999999992
2020-04-21 08:33:00-04:00,144.87199999999993
2020-04-21 08:32:00-04:00,144.83199999999994
2020-04-21 08:31:00-04:00,144.7763999999999
2020-04-21 08:30:00-04:00,144.8003999999999
2020-04-20 09:30:00-04:00,147.03316399999977
2020-04-20 09:29:00-04:00,146.93396399999975
2020-04-20 09:28:00-04:00,146.82604399999974
2020-04-20 09:26:00-04:00,146.61244399999975
2020-04-20 09:25:00-04:00,146.57159999999976
2020-04-20 09:24:00-04:00,146.59159999999977
2020-04-20 09:23:00-04:00,146.61239999999978
2020-04-20 09:22:00-04:00,146.53679999999977
2020-04-20 09:20:00-04:00,146.51599999999976
2020-04-20 09:19:00-04:00,146.47599999999974
2020-04-20 09:18:00-04:00,146.43599999999975
2020-04-20 09:17:00-04:00,146.39519999999973
2020-04-20 09:16:00-04:00,146.36159999999973
2020-04-20 09:15:00-04:00,146.3251999999997
2020-04-20 09:14:00-04:00,146.34159999999972
2020-04-20 09:12:00-04:00,146.40159999999972
2020-04-20 09:10:00-04:00,146.4616039999997
2020-04-20 09:09:00-04:00,146.5396039999997
2020-04-20 09:08:00-04:00,146.59779199999974
2020-04-20 09:07:00-04:00,146.65899199999973
2020-04-20 09:06:00-04:00,146.67899199999974
2020-04-20 09:05:00-04:00,146.71890799999977
2020-04-20 09:03:00-04:00,146.73850799999974
2020-04-20 09:02:00-04:00,146.75751999999974
2020-04-20 09:01:00-04:00,146.74672399999974
2020-04-20 09:00:00-04:00,146.73636799999977
2020-04-20 08:59:00-04:00,146.71644399999977
2020-04-20 08:58:00-04:00,146.71643999999978
2020-04-20 08:57:00-04:00,146.67083999999977
2020-04-20 08:56:00-04:00,146.61403599999977
2020-04-20 08:55:00-04:00,146.56439199999977
2020-04-20 08:54:00-04:00,146.52359599999977
2020-04-20 08:53:00-04:00,146.49657199999976
2020-04-20 08:52:00-04:00,146.52217199999978
2020-04-20 08:51:00-04:00,146.54777199999975
2020-04-20 08:50:00-04:00,146.56777199999976
2020-04-20 08:49:00-04:00,146.59377199999977
2020-04-20 08:48:00-04:00,146.6051999999998
2020-04-20 08:47:00-04:00,146.62519999999978
2020-04-20 08:46:00-04:00,146.6375999999998
2020-04-20 08:45:00-04:00,146.64559999999977
2020-04-20 08:44:00-04:00,146.72039999999978
2020-04-20 08:43:00-04:00,146.76559999999978
2020-04-20 08:42:00-04:00,146.78559999999976
2020-04-20 08:41:00-04:00,146.80959999999976
2020-04-20 08:40:00-04:00,146.84159999999977
2020-04-20 08:39:00-04:00,146.83399999999978
2020-04-20 08:37:00-04:00,146.86687999999975
2020-04-20 08:36:00-04:00,146.93287999999976
2020-04-20 08:35:00-04:00,147.00087999999977
2020-04-20 08:34:00-04:00,147.08087999999975
2020-04-20 08:33:00-04:00,147.12847999999977
2020-04-20 08:32:00-04:00,147.16879999999975
2020-04-20 08:31:00-04:00,147.24239999999975
2020-04-20 08:30:00-04:00,147.35839999999973
2020-04-17 09:30:00-04:00,153.54535199999958
2020-04-17 09:29:00-04:00,153.5645839999996
2020-04-17 09:28:00-04:00,153.4321999999996
2020-04-17 09:27:00-04:00,153.5659999999996
2020-04-17 09:26:00-04:00,153.63559999999958
2020-04-17 09:25:00-04:00,153.4863999999996
2020-04-17 09:24:00-04:00,153.35119999999958
2020-04-17 09:23:00-04:00,153.5347999999996
2020-04-17 09:22:00-04:00,153.73479999999958
2020-04-17 09:21:00-04:00,153.82719999999958
2020-04-17 09:20:00-04:00,153.8267999999996
2020-04-17 09:19:00-04:00,153.81399999999957
2020-04-17 09:18:00-04:00,153.8299999999996
2020-04-17 09:17:00-04:00,153.7899999999996
2020-04-17 09:16:00-04:00,153.7667999999996
2020-04-17 09:15:00-04:00,153.72759999999963
2020-04-17 09:14:00-04:00,153.67559999999963
2020-04-17 09:13:00-04:00,153.56319999999963
2020-04-17 09:12:00-04:00,153.35439999999963
2020-04-17 09:11:00-04:00,153.15839999999963
2020-04-17 09:10:00-04:00,153.0563959999996
2020-04-17 09:09:00-04:00,153.0168079999996
2020-04-17 09:08:00-04:00,153.13200799999962
2020-04-17 09:07:00-04:00,153.42483599999963
2020-04-17 09:06:00-04:00,153.7088399999996
2020-04-17 09:05:00-04:00,153.9356399999996
2020-04-17 09:04:00-04:00,154.21482799999959
2020-04-17 09:03:00-04:00,154.3924279999996
2020-04-17 09:02:00-04:00,154.4295999999996
2020-04-17 09:01:00-04:00,154.37679599999962
2020-04-17 09:00:00-04:00,154.3319999999996
2020-04-17 08:59:00-04:00,154.1733359999996
2020-04-17 08:58:00-04:00,154.0329359999996
2020-04-17 08:57:00-04:00,153.9517359999996
2020-04-17 08:56:00-04:00,153.9405359999996
2020-04-17 08:55:00-04:00,153.9005359999996
2020-04-17 08:54:00-04:00,153.88919999999962
2020-04-17 08:53:00-04:00,153.81359999999964
2020-04-17 08:52:00-04:00,153.73359999999963
2020-04-17 08:51:00-04:00,153.68759999999963
2020-04-17 08:50:00-04:00,153.68759999999966
2020-04-17 08:49:00-04:00,153.73799599999967
2020-04-17 08:48:00-04:00,153.79399599999965
2020-04-17 08:47:00-04:00,153.87399599999964
2020-04-17 08:46:00-04:00,153.84079599999967
2020-04-17 08:45:00-04:00,153.79519599999966
2020-04-17 08:44:00-04:00,153.73439999999968
2020-04-17 08:43:00-04:00,153.71439999999967
2020-04-17 08:42:00-04:00,153.7303999999997
2020-04-17 08:41:00-04:00,153.75679999999969
2020-04-17 08:39:00-04:00,153.80199999999968
2020-04-17 08:38:00-04:00,153.80279999999968
2020-04-17 08:37:00-04:00,153.8247999999997
2020-04-17 08:36:00-04:00,153.80879999999968
2020-04-17 08:35:00-04:00,153.76159999999967
2020-04-17 08:34:00-04:00,153.7259999999997
2020-04-17 08:33:00-04:00,153.82599999999965
2020-04-17 08:32:00-04:00,153.92319999999967
2020-04-17 08:31:00-04:00,154.02439999999964
2020-04-17 08:30:00-04:00,154.22919999999965
2020-04-16 09:30:00-04:00,143.37507999999994
2020-04-16 09:29:00-04:00,143.52527999999992
2020-04-16 09:28:00-04:00,143.76067999999992
2020-04-16 09:27:00-04:00,143.70927999999992
2020-04-16 09:26:00-04:00,143.7955999999999
2020-04-16 09:25:00-04:00,144.01719999999992
2020-04-16 09:24:00-04:00,144.25719999999993
2020-04-16 09:23:00-04:00,144.27799999999993
2020-04-16 09:22:00-04:00,144.32959999999994
2020-04-16 09:21:00-04:00,144.42039999999992
2020-04-16 09:20:00-04:00,144.5187999999999
2020-04-16 09:19:00-04:00,144.62679999999992
2020-04-16 09:17:00-04:00,144.80239999999992
2020-04-16 09:16:00-04:00,144.91079999999994
2020-04-16 09:15:00-04:00,144.97999999999993
2020-04-16 09:14:00-04:00,145.06799999999993
2020-04-16 09:13:00-04:00,145.06799999999993
2020-04-16 09:12:00-04:00,145.00799999999992
2020-04-16 09:11:00-04:00,144.92799999999994
2020-04-16 09:10:00-04:00,144.80839999999995
2020-04-16 09:09:00-04:00,144.66467999999992
2020-04-16 09:08:00-04:00,144.61550799999992
2020-04-16 09:07:00-04:00,144.61550799999995
2020-04-16 09:06:00-04:00,144.53551199999995
2020-04-16 09:05:00-04:00,144.53311199999993
2020-04-16 09:04:00-04:00,144.57723199999992
2020-04-16 09:03:00-04:00,144.44880399999994
2020-04-16 09:02:00-04:00,144.24840399999994
2020-04-16 09:01:00-04:00,144.10519999999994
2020-04-16 09:00:00-04:00,143.94719999999995
2020-04-16 08:59:00-04:00,143.71879999999996
2020-04-16 08:58:00-04:00,143.61492799999996
2020-04-16 08:57:00-04:00,143.52732799999995
2020-04-16 08:56:00-04:00,143.55052799999996
2020-04-16 08:55:00-04:00,143.54932799999995
2020-04-16 08:54:00-04:00,143.47732799999994
2020-04-16 08:51:00-04:00,143.37879999999996
2020-04-16 08:50:00-04:00,143.42983599999997
2020-04-16 08:49:00-04:00,143.38983599999995
2020-04-16 08:48:00-04:00,143.45103599999993
2020-04-16 08:47:00-04:00,143.55103599999993
2020-04-16 08:46:00-04:00,143.61103599999993
2020-04-16 08:45:00-04:00,143.51119999999992
2020-04-16 08:44:00-04:00,143.51119999999992
2020-04-16 08:43:00-04:00,143.4515199999999
2020-04-16 08:42:00-04:00,143.4611199999999
2020-04-16 08:41:00-04:00,143.5750079999999
2020-04-16 08:40:00-04:00,143.6914079999999
2020-04-16 08:39:00-04:00,143.7510079999999
2020-04-16 08:38:00-04:00,143.82868799999991
2020-04-16 08:37:00-04:00,143.89148799999992
2020-04-16 08:36:00-04:00,143.9775999999999
2020-04-16 08:35:00-04:00,144.1939999999999
2020-04-16 08:34:00-04:00,144.41399999999993
2020-04-16 08:33:00-04:00,144.49599999999992
2020-04-16 08:32:00-04:00,144.46319999999992
2020-04-16 08:31:00-04:00,144.26319999999993
2020-04-16 08:30:00-04:00,143.94719999999992
2020-04-15 09:30:00-04:00,147.78991999999997
2020-04-15 09:29:00-04:00,147.78991999999997
2020-04-15 09:28:00-04:00,147.72447599999995
2020-04-15 09:27:00-04:00,147.72119999999995
2020-04-15 09:26:00-04:00,147.73399999999995
2020-04-15 09:25:00-04:00,147.46799999999996
2020-04-15 09:24:00-04:00,147.22799999999998
2020-04-15 09:23:00-04:00,147.0224
2020-04-15 09:22:00-04:00,147.12399999999997
2020-04-15 09:21:00-04:00,147.26
2020-04-15 09:20:00-04:00,147.34159999999997
2020-04-15 09:19:00-04:00,147.58159999999998
2020-04-15 09:18:00-04:00,147.6868
2020-04-15 09:17:00-04:00,147.6732
2020-04-15 09:16:00-04:00,147.613216
2020-04-15 09:15:00-04:00,147.773216
2020-04-15 09:14:00-04:00,147.85321599999997
2020-04-15 09:13:00-04:00,148.01121599999996
2020-04-15 09:12:00-04:00,148.12321599999999
2020-04-15 09:11:00-04:00,148.4304
2020-04-15 09:10:00-04:00,148.59959999999995
2020-04-15 09:09:00-04:00,148.7376
2020-04-15 09:08:00-04:00,148.88279999999997
2020-04-15 09:07:00-04:00,149.00319999999996
2020-04-15 09:06:00-04:00,148.97239999999996
2020-04-15 09:05:00-04:00,148.82
2020-04-15 09:04:00-04:00,148.60199999999998
2020-04-15 09:03:00-04:00,148.358
2020-04-15 09:02:00-04:00,148.1976
2020-04-15 09:01:00-04:00,148.04119999999998
2020-04-15 09:00:00-04:00,148.09839999999997
2020-04-15 08:59:00-04:00,148.13879999999997
2020-04-15 08:58:00-04:00,148.19479999999996
2020-04-15 08:57:00-04:00,148.27479999999997
2020-04-15 08:56:00-04:00,148.25479999999996
2020-04-15 08:55:00-04:00,147.99839999999995
2020-04-15 08:54:00-04:00,147.73079999999996
2020-04-15 08:53:00-04:00,147.47039999999996
2020-04-15 08:52:00-04:00,147.23679999999996
2020-04-15 08:51:00-04:00,147.22399999999993
2020-04-15 08:50:00-04:00,147.26639999999992
2020-04-15 08:49:00-04:00,147.36337999999992
2020-04-15 08:48:00-04:00,147.5157799999999
2020-04-15 08:47:00-04:00,147.58937999999992
2020-04-15 08:46:00-04:00,147.5077799999999
2020-04-15 08:45:00-04:00,147.5677799999999
2020-04-15 08:44:00-04:00,147.6607999999999
2020-04-15 08:43:00-04:00,147.7931999999999
2020-04-15 08:42:00-04:00,148.03319999999988
2020-04-15 08:41:00-04:00,148.31159999999988
2020-04-15 08:40:00-04:00,148.4315999999999
2020-04-15 08:39:00-04:00,148.5643999999999
2020-04-15 08:38:00-04:00,148.4795999999999
2020-04-15 08:37:00-04:00,148.29759999999987
2020-04-15 08:36:00-04:00,148.08919999999986
2020-04-15 08:35:00-04:00,147.8691999999999
2020-04-15 08:34:00-04:00,147.53359999999992
2020-04-15 08:33:00-04:00,147.37279999999993
2020-04-15 08:32:00-04:00,147.21159999999992
2020-04-15 08:31:00-04:00,147.24849599999993
2020-04-15 08:30:00-04:00,147.41969599999993
2020-04-14 09:30:00-04:00,140.4643999999999
2020-04-14 09:29:00-04:00,140.0275999999999
2020-04-14 09:28:00-04:00,139.7635999999999
2020-04-14 09:27:00-04:00,139.83239999999992
2020-04-14 09:26:00-04:00,139.92479999999992
2020-04-14 09:25:00-04:00,139.97279999999992
2020-04-14 09:24:00-04:00,140.0363999999999
2020-04-14 09:23:00-04:00,139.9907999999999
2020-04-14 09:22:00-04:00,139.9315999999999
2020-04-14 09:21:00-04:00,139.89159999999987
2020-04-14 09:20:00-04:00,139.85159999999988
2020-04-14 09:19:00-04:00,139.81959999999987
2020-04-14 09:18:00-04:00,139.79959999999988
2020-04-14 09:17:00-04:00,139.7699999999999
2020-04-14 09:16:00-04:00,139.7343999999999
2020-04-14 09:15:00-04:00,139.7503999999999
2020-04-14 09:14:00-04:00,139.7763999999999
2020-04-14 09:13:00-04:00,139.82839999999993
2020-04-14 09:12:00-04:00,139.88759999999994
2020-04-14 09:11:00-04:00,139.96319999999992
2020-04-14 09:10:00-04:00,139.9711999999999
2020-04-14 09:09:00-04:00,139.9951999999999
2020-04-14 09:08:00-04:00,140.02319999999992
2020-04-14 09:07:00-04:00,140.0827999999999
2020-04-14 09:06:00-04:00,140.1627999999999
2020-04-14 09:05:00-04:00,140.2175999999999
2020-04-14 09:04:00-04:00,140.2203999999999
2020-04-14 09:03:00-04:00,140.1879999999999
2020-04-14 09:02:00-04:00,140.1287959999999
2020-04-14 09:01:00-04:00,139.9747959999999
2020-04-14 09:00:00-04:00,139.89999599999993
2020-04-14 08:59:00-04:00,139.8435959999999
2020-04-14 08:58:00-04:00,139.9359959999999
2020-04-14 08:57:00-04:00,140.0423839999999
2020-04-14 08:56:00-04:00,140.1723839999999
2020-04-14 08:55:00-04:00,140.25838399999992
2020-04-14 08:54:00-04:00,140.35198399999993
2020-04-14 08:53:00-04:00,140.34758399999993
2020-04-14 08:52:00-04:00,140.31639999999993
2020-04-14 08:50:00-04:00,140.34599999999995
2020-04-14 08:48:00-04:00,140.33519999999993
2020-04-14 08:47:00-04:00,140.31759999999994
2020-04-14 08:46:00-04:00,140.27199999999993
2020-04-14 08:45:00-04:00,140.25319999999994
2020-04-14 08:44:00-04:00,140.2275999999999
2020-04-14 08:43:00-04:00,140.2579999999999
2020-04-14 08:42:00-04:00,140.2851999999999
2020-04-14 08:41:00-04:00,140.2951999999999
2020-04-14 08:40:00-04:00,140.23919999999993
2020-04-14 08:39:00-04:00,140.13919999999993
2020-04-14 08:38:00-04:00,140.06199999999995
2020-04-14 08:37:00-04:00,139.99479999999994
2020-04-14 08:36:00-04:00,139.99479999999994
2020-04-14 08:35:00-04:00,139.97479999999993
2020-04-14 08:34:00-04:00,140.00999999999993
2020-04-14 08:33:00-04:00,139.97759999999994
2020-04-14 08:32:00-04:00,139.90519999999992
2020-04-14 08:31:00-04:00,139.80519999999993
2020-04-13 09:30:00-04:00,117.74754000000011
2020-04-13 09:29:00-04:00,117.80794000000012
2020-04-13 09:28:00-04:00,117.81394000000014
2020-04-13 09:27:00-04:00,117.77800000000016
2020-04-13 09:26:00-04:00,117.87440000000015
2020-04-13 09:25:00-04:00,117.78600000000014
2020-04-13 09:24:00-04:00,117.70600000000013
2020-04-13 09:23:00-04:00,117.74440000000013
2020-04-13 09:22:00-04:00,117.77880000000013
2020-04-13 09:21:00-04:00,117.75720000000015
2020-04-13 09:20:00-04:00,117.71720000000016
2020-04-13 09:19:00-04:00,117.67680000000016
2020-04-13 09:18:00-04:00,117.59840000000015
2020-04-13 09:17:00-04:00,117.55960000000016
2020-04-13 09:16:00-04:00,117.55560000000017
2020-04-13 09:15:00-04:00,117.51560000000015
2020-04-13 09:14:00-04:00,117.52040000000015
2020-04-13 09:13:00-04:00,117.61640000000016
2020-04-13 09:12:00-04:00,117.66220000000014
2020-04-13 09:11:00-04:00,117.74620000000013
2020-04-13 09:10:00-04:00,117.82620000000013
2020-04-13 09:09:00-04:00,117.89660000000012
2020-04-13 09:08:00-04:00,117.91180000000013
2020-04-13 09:06:00-04:00,118.03400000000015
2020-04-13 09:05:00-04:00,118.07800000000016
2020-04-13 09:04:00-04:00,118.19800000000016
2020-04-13 09:03:00-04:00,118.28320000000016
2020-04-13 09:02:00-04:00,118.34600000000016
2020-04-13 09:01:00-04:00,118.33800000000015
2020-04-13 09:00:00-04:00,118.33840000000014
2020-04-13 08:59:00-04:00,118.31840000000014
2020-04-13 08:57:00-04:00,118.30240000000015
2020-04-13 08:55:00-04:00,118.36840000000015
2020-04-13 08:54:00-04:00,118.42440000000018
2020-04-13 08:53:00-04:00,118.51200000000017
2020-04-13 08:51:00-04:00,118.62199600000017
2020-04-13 08:50:00-04:00,118.71799600000017
2020-04-13 08:49:00-04:00,118.71399600000018
2020-04-13 08:48:00-04:00,118.69799600000019
2020-04-13 08:46:00-04:00,118.6379960000002
2020-04-13 08:45:00-04:00,118.51800000000021
2020-04-13 08:44:00-04:00,118.40800000000021
2020-04-13 08:43:00-04:00,118.36600000000021
2020-04-13 08:42:00-04:00,118.28640000000021
2020-04-13 08:41:00-04:00,118.2944000000002
2020-04-13 08:40:00-04:00,118.3848000000002
2020-04-13 08:38:00-04:00,118.50560000000021
2020-04-13 08:37:00-04:00,118.60240000000022
2020-04-13 08:36:00-04:00,118.71400000000021
2020-04-13 08:35:00-04:00,118.79400000000021
2020-04-13 08:34:00-04:00,118.81560000000022
2020-04-13 08:33:00-04:00,118.8048000000002
2020-04-13 08:32:00-04:00,118.79400000000018
2020-04-13 08:31:00-04:00,118.7820000000002
2020-04-09 09:30:00-04:00,112.30798000000036
2020-04-09 09:29:00-04:00,112.48826000000035
2020-04-09 09:28:00-04:00,112.55280000000035
2020-04-09 09:27:00-04:00,112.52200000000035
2020-04-09 09:26:00-04:00,112.26920000000034
2020-04-09 09:25:00-04:00,112.21360000000035
2020-04-09 09:24:00-04:00,112.12160000000036
2020-04-09 09:23:00-04:00,112.15640000000035
2020-04-09 09:22:00-04:00,112.12720000000036
2020-04-09 09:21:00-04:00,112.05640000000035
2020-04-09 09:20:00-04:00,111.97440000000033
2020-04-09 09:19:00-04:00,111.86280000000033
2020-04-09 09:18:00-04:00,111.69600000000032
2020-04-09 09:17:00-04:00,111.57600000000032
2020-04-09 09:16:00-04:00,111.58120000000034
2020-04-09 09:15:00-04:00,111.65239600000034
2020-04-09 09:14:00-04:00,111.75239600000035
2020-04-09 09:13:00-04:00,111.90239600000034
2020-04-09 09:12:00-04:00,112.02239600000034
2020-04-09 09:11:00-04:00,112.04879600000034
2020-04-09 09:10:00-04:00,111.95760000000034
2020-04-09 09:09:00-04:00,111.91720000000035
2020-04-09 09:08:00-04:00,111.85080000000035
2020-04-09 09:07:00-04:00,111.77080000000035
2020-04-09 09:06:00-04:00,111.62720000000036
2020-04-09 09:05:00-04:00,111.49080000000035
2020-04-09 09:04:00-04:00,111.32880000000037
2020-04-09 09:03:00-04:00,111.15480000000036
2020-04-09 09:02:00-04:00,110.99680000000038
2020-04-09 09:01:00-04:00,110.95920000000038
2020-04-09 09:00:00-04:00,110.95800000000035
2020-04-09 08:59:00-04:00,110.94040000000037
2020-04-09 08:58:00-04:00,110.91080000000036
2020-04-09 08:57:00-04:00,110.90880000000034
2020-04-09 08:56:00-04:00,110.85200000000034
2020-04-09 08:55:00-04:00,110.78880000000035
2020-04-09 08:54:00-04:00,110.74840000000036
2020-04-09 08:53:00-04:00,110.68040000000038
2020-04-09 08:52:00-04:00,110.60080000000039
2020-04-09 08:51:00-04:00,110.51120000000037
2020-04-09 08:50:00-04:00,110.44320000000036
2020-04-09 08:49:00-04:00,110.34360000000038
2020-04-09 08:48:00-04:00,110.20720000000037
2020-04-09 08:47:00-04:00,110.08480000000036
2020-04-09 08:46:00-04:00,109.97680000000037
2020-04-09 08:44:00-04:00,109.81600000000037
2020-04-09 08:43:00-04:00,109.65600000000036
2020-04-09 08:42:00-04:00,109.60600000000036
2020-04-09 08:41:00-04:00,109.58800000000038
2020-04-09 08:40:00-04:00,109.59600000000037
2020-04-09 08:39:00-04:00,109.64560000000036
2020-04-09 08:38:00-04:00,109.72560000000036
2020-04-09 08:37:00-04:00,109.85640000000035
2020-04-09 08:36:00-04:00,109.87640000000033
2020-04-09 08:35:00-04:00,109.89440000000033
2020-04-09 08:34:00-04:00,109.85440000000035
2020-04-09 08:33:00-04:00,109.79440000000037
2020-04-09 08:32:00-04:00,109.66520000000037
2020-04-09 08:31:00-04:00,109.51520000000036
2020-04-09 08:30:00-04:00,109.29720000000036
2020-04-08 09:30:00-04:00,110.8780600000002
2020-04-08 09:29:00-04:00,110.88262800000021
2020-04-08 09:28:00-04:00,110.97680000000021
2020-04-08 09:27:00-04:00,110.98520000000022
2020-04-08 09:26:00-04:00,111.0548000000002
2020-04-08 09:25:00-04:00,111.06840400000019
2020-04-08 09:23:00-04:00,111.0584040000002
2020-04-08 09:22:00-04:00,110.97840400000018
2020-04-08 09:21:00-04:00,110.92240400000017
2020-04-08 09:20:00-04:00,110.88840400000018
2020-04-08 09:18:00-04:00,110.94560000000017
2020-04-08 09:17:00-04:00,110.96320000000019
2020-04-08 09:16:00-04:00,111.02280000000019
2020-04-08 09:15:00-04:00,111.04880000000018
2020-04-08 09:14:00-04:00,111.0532000000002
2020-04-08 09:13:00-04:00,111.06240000000021
2020-04-08 09:12:00-04:00,111.0588000000002
2020-04-08 09:11:00-04:00,111.09840000000023
2020-04-08 09:10:00-04:00,111.12840000000024
2020-04-08 09:09:00-04:00,111.14800000000022
2020-04-08 09:08:00-04:00,111.18640000000023
2020-04-08 09:07:00-04:00,111.22640000000024
2020-04-08 09:04:00-04:00,111.18720000000023
2020-04-08 09:03:00-04:00,111.11800000000024
2020-04-08 09:02:00-04:00,111.00200000000022
2020-04-08 09:01:00-04:00,110.89480000000022
2020-04-08 09:00:00-04:00,110.7436000000002
2020-04-08 08:59:00-04:00,110.60360000000018
2020-04-08 08:58:00-04:00,110.54480000000017
2020-04-08 08:57:00-04:00,110.58080000000018
2020-04-08 08:55:00-04:00,110.54880000000018
2020-04-08 08:54:00-04:00,110.5464000000002
2020-04-08 08:53:00-04:00,110.58640000000021
2020-04-08 08:52:00-04:00,110.6164000000002
2020-04-08 08:51:00-04:00,110.66640000000021
2020-04-08 08:50:00-04:00,110.77840000000022
2020-04-08 08:49:00-04:00,110.93200000000022
2020-04-08 08:47:00-04:00,111.04200000000021
2020-04-08 08:46:00-04:00,111.1476000000002
2020-04-08 08:45:00-04:00,111.1976000000002
2020-04-08 08:44:00-04:00,111.1476000000002
2020-04-08 08:43:00-04:00,111.10760000000019
2020-04-08 08:42:00-04:00,111.07356000000019
2020-04-08 08:41:00-04:00,111.04356000000016
2020-04-08 08:39:00-04:00,111.00356000000015
2020-04-08 08:38:00-04:00,110.97356800000014
2020-04-08 08:37:00-04:00,110.95356800000013
2020-04-08 08:36:00-04:00,110.98760800000014
2020-04-08 08:35:00-04:00,110.99000800000015
2020-04-08 08:34:00-04:00,111.04880800000015
2020-04-08 08:31:00-04:00,111.14880000000014
2020-04-07 09:30:00-04:00,107.99520400000002
2020-04-07 09:29:00-04:00,108.33360400000001
2020-04-07 09:28:00-04:00,108.48540000000003
2020-04-07 09:27:00-04:00,108.51720000000003
2020-04-07 09:26:00-04:00,108.54240000000004
2020-04-07 09:25:00-04:00,108.39840000000007
2020-04-07 09:24:00-04:00,108.27600000000007
2020-04-07 09:23:00-04:00,108.32400000000007
2020-04-07 09:22:00-04:00,108.32320000000007
2020-04-07 09:21:00-04:00,108.32920000000006
2020-04-07 09:20:00-04:00,108.35720000000006
2020-04-07 09:19:00-04:00,108.29920000000004
2020-04-07 09:18:00-04:00,108.22640000000004
2020-04-07 09:17:00-04:00,108.14680000000003
2020-04-07 09:16:00-04:00,108.05480000000003
2020-04-07 09:15:00-04:00,107.98640000000003
2020-04-07 09:14:00-04:00,107.97480000000003
2020-04-07 09:12:00-04:00,107.97520000000002
2020-04-07 09:11:00-04:00,107.95360000000001
2020-04-07 09:10:00-04:00,107.97039600000001
2020-04-07 09:09:00-04:00,107.96159600000001
2020-04-07 09:08:00-04:00,107.96359600000001
2020-04-07 09:07:00-04:00,107.98199600000001
2020-04-07 09:05:00-04:00,108.003996
2020-04-07 09:04:00-04:00,107.97960000000003
2020-04-07 09:02:00-04:00,107.95320000000004
2020-04-07 09:00:00-04:00,107.99280000000003
2020-04-07 08:59:00-04:00,107.94880000000003
2020-04-07 08:58:00-04:00,107.96880000000003
2020-04-07 08:57:00-04:00,108.01160000000004
2020-04-07 08:56:00-04:00,108.02320000000005
2020-04-07 08:55:00-04:00,107.98320000000004
2020-04-07 08:54:00-04:00,108.01320000000003
2020-04-07 08:53:00-04:00,108.02320000000002
2020-04-07 08:52:00-04:00,108.04600000000002
2020-04-07 08:51:00-04:00,108.11000000000004
2020-04-07 08:50:00-04:00,108.16880000000003
2020-04-07 08:49:00-04:00,108.20880000000004
2020-04-07 08:48:00-04:00,108.21080000000003
2020-04-07 08:47:00-04:00,108.19080000000004
2020-04-07 08:46:00-04:00,108.17080000000003
2020-04-07 08:45:00-04:00,108.11640000000004
2020-04-07 08:44:00-04:00,108.03840000000005
2020-04-07 08:43:00-04:00,108.05720000000005
2020-04-07 08:42:00-04:00,108.05720000000005
2020-04-07 08:41:00-04:00,108.07280000000006
2020-04-07 08:40:00-04:00,108.10840000000005
2020-04-07 08:39:00-04:00,108.12240000000006
2020-04-07 08:38:00-04:00,108.06080000000006
2020-04-07 08:37:00-04:00,107.99680000000005
2020-04-07 08:35:00-04:00,107.92120000000004
2020-04-07 08:34:00-04:00,107.83680000000004
2020-04-07 08:33:00-04:00,107.80080000000005
2020-04-07 08:32:00-04:00,107.71760000000003
2020-04-07 08:31:00-04:00,107.66160000000005
2020-04-07 08:30:00-04:00,107.64919200000006
2020-04-06 09:30:00-04:00,101.40779200000016
2020-04-06 09:29:00-04:00,101.68719200000014
2020-04-06 09:28:00-04:00,101.86340000000014
2020-04-06 09:27:00-04:00,102.01380000000015
2020-04-06 09:26:00-04:00,102.02560000000014
2020-04-06 09:25:00-04:00,101.94560000000014
2020-04-06 09:24:00-04:00,101.89520000000014
2020-04-06 09:23:00-04:00,101.84000000000015
2020-04-06 09:22:00-04:00,101.82480000000014
2020-04-06 09:21:00-04:00,101.86480000000014
2020-04-06 09:20:00-04:00,101.90440000000014
2020-04-06 09:19:00-04:00,101.88040000000015
2020-04-06 09:18:00-04:00,101.90760000000014
2020-04-06 09:17:00-04:00,101.86960000000015
2020-04-06 09:16:00-04:00,101.81160000000015
2020-04-06 09:15:00-04:00,101.75200000000017
2020-04-06 09:14:00-04:00,101.71600000000016
2020-04-06 09:13:00-04:00,101.68400000000017
2020-04-06 09:12:00-04:00,101.65200000000017
2020-04-06 09:11:00-04:00,101.63800000000018
2020-04-06 09:10:00-04:00,101.5980000000002
2020-04-06 09:09:00-04:00,101.55800800000019
2020-04-06 09:08:00-04:00,101.55800800000017
2020-04-06 09:07:00-04:00,101.58360800000017
2020-04-06 09:06:00-04:00,101.59560800000017
2020-04-06 09:05:00-04:00,101.60760800000017
2020-04-06 09:04:00-04:00,101.65920000000017
2020-04-06 09:03:00-04:00,101.61878400000016
2020-04-06 09:02:00-04:00,101.48078400000016
2020-04-06 09:01:00-04:00,101.32078400000015
2020-04-06 09:00:00-04:00,101.16878400000016
2020-04-06 08:59:00-04:00,100.99198400000014
2020-04-06 08:58:00-04:00,100.88760000000016
2020-04-06 08:57:00-04:00,100.85480000000015
2020-04-06 08:56:00-04:00,100.86800000000014
2020-04-06 08:55:00-04:00,100.89920000000015
2020-04-06 08:54:00-04:00,100.90840000000014
2020-04-06 08:52:00-04:00,100.90680000000016
2020-04-06 08:51:00-04:00,100.94200000000015
2020-04-06 08:50:00-04:00,100.97360000000015
2020-04-06 08:49:00-04:00,101.04040000000013
2020-04-06 08:48:00-04:00,101.10640000000014
2020-04-06 08:47:00-04:00,101.12880000000013
2020-04-06 08:46:00-04:00,101.12800000000013
2020-04-06 08:45:00-04:00,101.09000000000012
2020-04-06 08:44:00-04:00,101.03960000000012
2020-04-06 08:43:00-04:00,100.9972000000001
2020-04-06 08:42:00-04:00,101.00680000000011
2020-04-06 08:41:00-04:00,100.95160000000013
2020-04-06 08:40:00-04:00,100.93480000000014
2020-04-06 08:39:00-04:00,100.88960000000013
2020-04-06 08:37:00-04:00,100.82320000000013
2020-04-06 08:36:00-04:00,100.70400000000014
2020-04-06 08:35:00-04:00,100.64480000000012
2020-04-06 08:33:00-04:00,100.59280000000012
2020-04-06 08:32:00-04:00,100.54904000000013
2020-04-06 08:31:00-04:00,100.50784000000013
2020-04-06 08:30:00-04:00,100.52144000000013
2020-04-03 09:30:00-04:00,101.80899999999988
2020-04-03 09:29:00-04:00,101.63419999999988
2020-04-03 09:28:00-04:00,101.74799999999989
2020-04-03 09:27:00-04:00,102.0663999999999
2020-04-03 09:26:00-04:00,102.57879999999992
2020-04-03 09:25:00-04:00,102.84799999999991
2020-04-03 09:24:00-04:00,103.08599999999993
2020-04-03 09:23:00-04:00,103.09799999999993
2020-04-03 09:22:00-04:00,103.16279999999992
2020-04-03 09:21:00-04:00,103.15999999999993
2020-04-03 09:20:00-04:00,103.04799999999993
2020-04-03 09:19:00-04:00,103.01799999999994
2020-04-03 09:18:00-04:00,103.03039999999994
2020-04-03 09:17:00-04:00,103.03799999999994
2020-04-03 09:16:00-04:00,103.05479999999993
2020-04-03 09:15:00-04:00,103.22679999999994
2020-04-03 09:14:00-04:00,103.32079999999993
2020-04-03 09:13:00-04:00,103.34879999999994
2020-04-03 09:12:00-04:00,103.37439999999992
2020-04-03 09:11:00-04:00,103.39279999999992
2020-04-03 09:10:00-04:00,103.38879999999992
2020-04-03 09:09:00-04:00,103.44879999999992
2020-04-03 09:08:00-04:00,103.5047999999999
2020-04-03 09:07:00-04:00,103.54999999999991
2020-04-03 09:06:00-04:00,103.58719999999991
2020-04-03 09:05:00-04:00,103.4935999999999
2020-04-03 09:04:00-04:00,103.3703999999999
2020-04-03 09:03:00-04:00,103.36519999999992
2020-04-03 09:02:00-04:00,103.3791999999999
2020-04-03 09:01:00-04:00,103.3943999999999
2020-04-03 09:00:00-04:00,103.48919999999991
2020-04-03 08:59:00-04:00,103.53279999999992
2020-04-03 08:58:00-04:00,103.62799999999993
2020-04-03 08:57:00-04:00,103.74079999999992
2020-04-03 08:56:00-04:00,103.88999999999992
2020-04-03 08:55:00-04:00,104.03279999999991
2020-04-03 08:54:00-04:00,104.2203999999999
2020-04-03 08:53:00-04:00,104.2103999999999
2020-04-03 08:52:00-04:00,104.1783999999999
2020-04-03 08:51:00-04:00,104.13559999999988
2020-04-03 08:50:00-04:00,104.0756079999999
2020-04-03 08:49:00-04:00,104.04600799999989
2020-04-03 08:48:00-04:00,104.0756079999999
2020-04-03 08:47:00-04:00,104.0756079999999
2020-04-03 08:46:00-04:00,104.0400079999999
2020-04-03 08:45:00-04:00,104.0163999999999
2020-04-03 08:44:00-04:00,103.9703999999999
2020-04-03 08:43:00-04:00,104.0119999999999
2020-04-03 08:42:00-04:00,104.0079999999999
2020-04-03 08:41:00-04:00,104.1483999999999
2020-04-03 08:40:00-04:00,104.33199999999988
2020-04-03 08:39:00-04:00,104.52359999999987
2020-04-03 08:38:00-04:00,104.60439599999988
2020-04-03 08:37:00-04:00,104.82039599999989
2020-04-03 08:36:00-04:00,104.95839599999988
2020-04-03 08:35:00-04:00,105.08039599999988
2020-04-03 08:34:00-04:00,105.1363959999999
2020-04-03 08:33:00-04:00,105.15639999999989
2020-04-03 08:32:00-04:00,105.06479999999988
2020-04-03 08:31:00-04:00,104.91079999999988
2020-04-03 08:30:00-04:00,104.80879999999988
2020-04-02 09:30:00-04:00,96.12971199999984
2020-04-02 09:29:00-04:00,96.26011199999985
2020-04-02 09:28:00-04:00,96.20719999999983
2020-04-02 09:27:00-04:00,96.11119999999983
2020-04-02 09:26:00-04:00,95.98359999999983
2020-04-02 09:25:00-04:00,95.89879999999984
2020-04-02 09:24:00-04:00,95.72679999999983
2020-04-02 09:23:00-04:00,95.56479999999982
2020-04-02 09:22:00-04:00,95.36479999999982
2020-04-02 09:21:00-04:00,95.13799999999982
2020-04-02 09:20:00-04:00,94.94279999999982
2020-04-02 09:19:00-04:00,94.78559999999982
2020-04-02 09:18:00-04:00,94.69559999999981
2020-04-02 09:17:00-04:00,94.63799999999982
2020-04-02 09:16:00-04:00,94.61279999999981
2020-04-02 09:15:00-04:00,94.57279999999982
2020-04-02 09:14:00-04:00,94.67039999999983
2020-04-02 09:13:00-04:00,94.80239999999982
2020-04-02 09:12:00-04:00,94.95999999999982
2020-04-02 09:11:00-04:00,95.05999999999982
2020-04-02 09:10:00-04:00,95.17999999999981
2020-04-02 09:09:00-04:00,95.26919999999981
2020-04-02 09:08:00-04:00,95.38919999999982
2020-04-02 09:07:00-04:00,95.4979999999998
2020-04-02 09:06:00-04:00,95.6819999999998
2020-04-02 09:05:00-04:00,95.80199999999981
2020-04-02 09:04:00-04:00,95.9527999999998
2020-04-02 09:03:00-04:00,96.06628799999979
2020-04-02 09:02:00-04:00,96.11514799999978
2020-04-02 09:01:00-04:00,96.10882399999977
2020-04-02 09:00:00-04:00,96.18880399999976
2020-04-02 08:59:00-04:00,96.19880399999975
2020-04-02 08:58:00-04:00,96.16531599999976
2020-04-02 08:57:00-04:00,96.20765599999974
2020-04-02 08:56:00-04:00,96.22997999999976
2020-04-02 08:55:00-04:00,96.15003999999975
2020-04-02 08:54:00-04:00,96.18003999999976
2020-04-02 08:53:00-04:00,96.25936399999976
2020-04-02 08:52:00-04:00,96.31456399999976
2020-04-02 08:51:00-04:00,96.39456399999975
2020-04-02 08:50:00-04:00,96.51452399999975
2020-04-02 08:49:00-04:00,96.57452399999977
2020-04-02 08:48:00-04:00,96.53519999999976
2020-04-02 08:47:00-04:00,96.58719999999975
2020-04-02 08:46:00-04:00,96.61719999999976
2020-04-02 08:45:00-04:00,96.61719999999976
2020-04-02 08:44:00-04:00,96.51719999999976
2020-04-02 08:43:00-04:00,96.47719999999977
2020-04-02 08:42:00-04:00,96.33415599999975
2020-04-02 08:41:00-04:00,96.28815599999976
2020-04-02 08:40:00-04:00,96.40855599999975
2020-04-02 08:39:00-04:00,96.56895599999976
2020-04-02 08:38:00-04:00,96.78855199999977
2020-04-02 08:37:00-04:00,96.99639599999976
2020-04-02 08:36:00-04:00,97.09239599999978
2020-04-02 08:35:00-04:00,97.13039599999978
2020-04-02 08:34:00-04:00,97.19999599999977
2020-04-02 08:33:00-04:00,97.30039999999977
2020-04-02 08:32:00-04:00,97.47799999999977
2020-04-02 08:31:00-04:00,97.64039999999977
2020-04-02 08:30:00-04:00,97.81959999999977
2020-04-01 09:30:00-04:00,101.33799999999943
2020-04-01 09:29:00-04:00,101.13239999999942
2020-04-01 09:28:00-04:00,100.85279999999942
2020-04-01 09:26:00-04:00,100.61299999999942
2020-04-01 09:25:00-04:00,100.55760799999942
2020-04-01 09:24:00-04:00,100.50200799999944
2020-04-01 09:23:00-04:00,100.40240799999943
2020-04-01 09:22:00-04:00,100.31960799999942
2020-04-01 09:21:00-04:00,100.40160799999943
2020-04-01 09:20:00-04:00,100.48559999999944
2020-04-01 09:19:00-04:00,100.54959999999944
2020-04-01 09:18:00-04:00,100.66759999999944
2020-04-01 09:17:00-04:00,100.81839999999943
2020-04-01 09:16:00-04:00,100.90599999999942
2020-04-01 09:15:00-04:00,100.95399999999943
2020-04-01 09:14:00-04:00,101.02519999999943
2020-04-01 09:13:00-04:00,101.04719999999944
2020-04-01 09:11:00-04:00,101.07999999999944
2020-04-01 09:10:00-04:00,101.10279999999943
2020-04-01 09:09:00-04:00,101.18679999999942
2020-04-01 09:08:00-04:00,101.25559999999942
2020-04-01 09:07:00-04:00,101.27559999999941
2020-04-01 09:06:00-04:00,101.23679999999942
2020-04-01 09:05:00-04:00,101.1939999999994
2020-04-01 09:04:00-04:00,101.0887999999994
2020-04-01 09:03:00-04:00,100.9471999999994
2020-04-01 09:02:00-04:00,100.90719999999939
2020-04-01 09:00:00-04:00,100.8955999999994
2020-04-01 08:59:00-04:00,100.8955999999994
2020-04-01 08:58:00-04:00,100.9167999999994
2020-04-01 08:57:00-04:00,100.9763999999994
2020-04-01 08:56:00-04:00,101.02239999999941
2020-04-01 08:55:00-04:00,100.99599999999941
2020-04-01 08:54:00-04:00,100.9559999999994
2020-04-01 08:53:00-04:00,100.88559999999941
2020-04-01 08:52:00-04:00,100.83079999999941
2020-04-01 08:50:00-04:00,100.7435999999994
2020-04-01 08:49:00-04:00,100.75959999999938
2020-04-01 08:48:00-04:00,100.79959999999939
2020-04-01 08:47:00-04:00,100.86999999999937
2020-04-01 08:46:00-04:00,100.88599999999937
2020-04-01 08:45:00-04:00,100.88719999999938
2020-04-01 08:44:00-04:00,100.87839999999939
2020-04-01 08:43:00-04:00,100.80719999999937
2020-04-01 08:42:00-04:00,100.73439999999937
2020-04-01 08:41:00-04:00,100.66719999999937
2020-04-01 08:40:00-04:00,100.61719999999937
2020-04-01 08:39:00-04:00,100.58599999999937
2020-04-01 08:38:00-04:00,100.61599999999937
2020-04-01 08:37:00-04:00,100.64639999999937
2020-04-01 08:36:00-04:00,100.68519999999937
2020-04-01 08:34:00-04:00,100.71519999999938
2020-04-01 08:33:00-04:00,100.77079599999938
2020-04-01 08:32:00-04:00,100.7519959999994
2020-04-01 08:31:00-04:00,100.67839599999938
2020-04-01 08:30:00-04:00,100.63919599999937
2020-03-31 09:30:00-04:00,100.58896399999925
2020-03-31 09:29:00-04:00,100.38740799999924
2020-03-31 09:28:00-04:00,100.11879999999924
2020-03-31 09:27:00-04:00,99.98759999999923
2020-03-31 09:26:00-04:00,99.96199999999924
2020-03-31 09:25:00-04:00,99.81719999999925
2020-03-31 09:24:00-04:00,99.69119999999923
2020-03-31 09:23:00-04:00,99.62159999999923
2020-03-31 09:22:00-04:00,99.58959999999922
2020-03-31 09:21:00-04:00,99.57119999999921
2020-03-31 09:19:00-04:00,99.53599999999922
2020-03-31 09:18:00-04:00,99.49599999999921
2020-03-31 09:17:00-04:00,99.43439999999921
2020-03-31 09:16:00-04:00,99.3943999999992
2020-03-31 09:14:00-04:00,99.3843999999992
2020-03-31 09:13:00-04:00,99.40439999999919
2020-03-31 09:12:00-04:00,99.4803999999992
2020-03-31 09:11:00-04:00,99.59599999999918
2020-03-31 09:10:00-04:00,99.6003999999992
2020-03-31 09:09:00-04:00,99.6203999999992
2020-03-31 09:08:00-04:00,99.6403999999992
2020-03-31 09:07:00-04:00,99.60039999999921
2020-03-31 09:06:00-04:00,99.5139999999992
2020-03-31 09:05:00-04:00,99.50959999999921
2020-03-31 09:04:00-04:00,99.43199999999919
2020-03-31 09:03:00-04:00,99.37019999999919
2020-03-31 09:02:00-04:00,99.3345999999992
2020-03-31 09:01:00-04:00,99.36099999999918
2020-03-31 09:00:00-04:00,99.37419999999918
2020-03-31 08:59:00-04:00,99.43179999999919
2020-03-31 08:58:00-04:00,99.47199999999917
2020-03-31 08:57:00-04:00,99.48719999999918
2020-03-31 08:56:00-04:00,99.45359999999918
2020-03-31 08:55:00-04:00,99.43999999999919
2020-03-31 08:54:00-04:00,99.45199999999917
2020-03-31 08:51:00-04:00,99.44759999999918
2020-03-31 08:50:00-04:00,99.43199999999919
2020-03-31 08:49:00-04:00,99.42559999999919
2020-03-31 08:48:00-04:00,99.40599999999918
2020-03-31 08:47:00-04:00,99.33399999999918
2020-03-31 08:46:00-04:00,99.24399999999919
2020-03-31 08:45:00-04:00,99.20639999999919
2020-03-31 08:44:00-04:00,99.22639999999919
2020-03-31 08:43:00-04:00,99.25039999999919
2020-03-31 08:42:00-04:00,99.31039999999918
2020-03-31 08:41:00-04:00,99.38639999999918
2020-03-31 08:40:00-04:00,99.42399999999918
2020-03-31 08:39:00-04:00,99.46399999999919
2020-03-31 08:38:00-04:00,99.49775999999919
2020-03-31 08:37:00-04:00,99.51775999999919
2020-03-31 08:36:00-04:00,99.59775999999917
2020-03-31 08:35:00-04:00,99.71735999999916
2020-03-31 08:34:00-04:00,99.81175999999917
2020-03-31 08:33:00-04:00,99.95959999999916
2020-03-31 08:32:00-04:00,100.11359999999915
2020-03-31 08:31:00-04:00,100.15359999999916
2020-03-31 08:30:00-04:00,100.09359999999916
2020-03-30 09:30:00-04:00,102.0934319999991
2020-03-30 09:29:00-04:00,102.40339999999908
2020-03-30 09:26:00-04:00,102.65479999999909
2020-03-30 09:25:00-04:00,102.81479999999911
2020-03-30 09:21:00-04:00,103.0015999999991
2020-03-30 09:20:00-04:00,103.3063999999991
2020-03-30 09:19:00-04:00,103.56559999999908
2020-03-30 09:18:00-04:00,103.56559999999908
2020-03-30 09:16:00-04:00,103.60599999999909
2020-03-30 09:15:00-04:00,103.64999999999907
2020-03-30 09:14:00-04:00,103.69399999999908
2020-03-30 09:11:00-04:00,103.72399999999907
2020-03-30 09:10:00-04:00,103.80399999999906
2020-03-30 09:09:00-04:00,103.87879999999907
2020-03-30 09:08:00-04:00,103.88399999999906
2020-03-30 09:07:00-04:00,103.87999999999906
2020-03-30 09:06:00-04:00,103.85839999999908
2020-03-30 09:05:00-04:00,103.81919999999907
2020-03-30 09:04:00-04:00,103.82399999999907
2020-03-30 09:03:00-04:00,103.83239999999907
2020-03-30 09:02:00-04:00,103.86759999999909
2020-03-30 09:01:00-04:00,103.93419999999908
2020-03-30 09:00:00-04:00,104.0133999999991
2020-03-30 08:59:00-04:00,104.05379999999909
2020-03-30 08:58:00-04:00,104.11379999999909
2020-03-30 08:57:00-04:00,104.11859999999908
2020-03-30 08:56:00-04:00,104.03759999999909
2020-03-30 08:55:00-04:00,103.98159999999908
2020-03-30 08:54:00-04:00,103.88359999999906
2020-03-30 08:53:00-04:00,103.80599999999906
2020-03-30 08:52:00-04:00,103.72599999999906
2020-03-30 08:51:00-04:00,103.68599999999905
2020-03-30 08:50:00-04:00,103.70199999999906
2020-03-30 08:48:00-04:00,103.79559999999906
2020-03-30 08:47:00-04:00,103.89159999999906
2020-03-30 08:46:00-04:00,103.96359999999906
2020-03-30 08:45:00-04:00,104.10359999999908
2020-03-30 08:44:00-04:00,104.06359999999907
2020-03-30 08:43:00-04:00,103.97159999999906
2020-03-30 08:42:00-04:00,103.85399999999906
2020-03-30 08:41:00-04:00,103.78199999999906
2020-03-30 08:40:00-04:00,103.68199999999906
2020-03-30 08:39:00-04:00,103.58999999999908
2020-03-30 08:38:00-04:00,103.5163999999991
2020-03-30 08:37:00-04:00,103.44559999999908
2020-03-30 08:36:00-04:00,103.36559999999909
2020-03-30 08:35:00-04:00,103.25559999999908
2020-03-30 08:34:00-04:00,103.13519999999906
2020-03-30 08:33:00-04:00,103.02639999999906
2020-03-30 08:31:00-04:00,102.87879999999907
2020-03-30 08:30:00-04:00,102.76279999999906
2020-03-27 09:30:00-04:00,100.64179999999907
2020-03-27 09:29:00-04:00,100.56859999999908
2020-03-27 09:27:00-04:00,100.77660399999908
2020-03-27 09:26:00-04:00,100.97580399999909
2020-03-27 09:25:00-04:00,101.25320399999909
2020-03-27 09:24:00-04:00,101.3172039999991
2020-03-27 09:22:00-04:00,101.4308039999991
2020-03-27 09:21:00-04:00,101.49399999999909
2020-03-27 09:20:00-04:00,101.51799999999909
2020-03-27 09:19:00-04:00,101.4979999999991
2020-03-27 09:17:00-04:00,101.4379999999991
2020-03-27 09:16:00-04:00,101.35759999999911
2020-03-27 09:15:00-04:00,101.3039999999991
2020-03-27 09:14:00-04:00,101.29679999999912
2020-03-27 09:13:00-04:00,101.32519999999911
2020-03-27 09:12:00-04:00,101.38119999999913
2020-03-27 09:11:00-04:00,101.42079999999913
2020-03-27 09:10:00-04:00,101.44959999999914
2020-03-27 09:09:00-04:00,101.49679999999913
2020-03-27 09:08:00-04:00,101.52839999999912
2020-03-27 09:07:00-04:00,101.58439999999912
2020-03-27 09:06:00-04:00,101.68679999999911
2020-03-27 09:05:00-04:00,101.7987999999991
2020-03-27 09:04:00-04:00,101.91679999999911
2020-03-27 09:03:00-04:00,101.94399999999912
2020-03-27 09:02:00-04:00,101.94799999999911
2020-03-27 09:01:00-04:00,101.91319999999912
2020-03-27 09:00:00-04:00,101.86239999999911
2020-03-27 08:59:00-04:00,101.75439999999911
2020-03-27 08:58:00-04:00,101.75121599999912
2020-03-27 08:57:00-04:00,101.76881599999912
2020-03-27 08:56:00-04:00,101.85921599999912
2020-03-27 08:55:00-04:00,101.90921599999913
2020-03-27 08:54:00-04:00,101.95881599999912
2020-03-27 08:53:00-04:00,101.99519999999913
2020-03-27 08:52:00-04:00,101.95759999999913
2020-03-27 08:51:00-04:00,101.89999999999914
2020-03-27 08:50:00-04:00,101.85999999999913
2020-03-27 08:49:00-04:00,101.89479999999914
2020-03-27 08:48:00-04:00,101.96799999999914
2020-03-27 08:47:00-04:00,102.04999999999913
2020-03-27 08:46:00-04:00,102.09199999999912
2020-03-27 08:45:00-04:00,102.13599999999911
2020-03-27 08:44:00-04:00,102.1235999999991
2020-03-27 08:43:00-04:00,102.1695999999991
2020-03-27 08:42:00-04:00,102.17799999999909
2020-03-27 08:41:00-04:00,102.19679999999907
2020-03-27 08:40:00-04:00,102.28639999999908
2020-03-27 08:39:00-04:00,102.36439999999907
2020-03-27 08:38:00-04:00,102.36439999999908
2020-03-27 08:37:00-04:00,102.35639999999908
2020-03-27 08:36:00-04:00,102.33559999999908
2020-03-27 08:35:00-04:00,102.34199999999908
2020-03-27 08:34:00-04:00,102.29799999999906
2020-03-27 08:33:00-04:00,102.27839999999907
2020-03-27 08:32:00-04:00,102.31599999999906
2020-03-27 08:31:00-04:00,102.42439999999905
2020-03-27 08:30:00-04:00,102.48119999999906
2020-03-26 09:30:00-04:00,109.52128799999903
2020-03-26 09:29:00-04:00,109.75522799999904
2020-03-26 09:28:00-04:00,109.65969199999904
2020-03-26 09:27:00-04:00,109.50429199999905
2020-03-26 09:26:00-04:00,109.21759999999904
2020-03-26 09:25:00-04:00,109.09759999999903
2020-03-26 09:24:00-04:00,108.86959999999904
2020-03-26 09:23:00-04:00,108.71479999999903
2020-03-26 09:22:00-04:00,108.51519999999906
2020-03-26 09:21:00-04:00,108.39519999999906
2020-03-26 09:20:00-04:00,108.26879999999906
2020-03-26 09:19:00-04:00,108.14879999999906
2020-03-26 09:18:00-04:00,108.11119999999903
2020-03-26 09:17:00-04:00,108.10879999999902
2020-03-26 09:16:00-04:00,108.10999999999902
2020-03-26 09:15:00-04:00,108.13479999999899
2020-03-26 09:14:00-04:00,108.21479999999899
2020-03-26 09:13:00-04:00,108.25919999999901
2020-03-26 09:12:00-04:00,108.28159999999903
2020-03-26 09:11:00-04:00,108.28759999999902
2020-03-26 09:10:00-04:00,108.30920799999903
2020-03-26 09:09:00-04:00,108.38360799999904
2020-03-26 09:08:00-04:00,108.46760799999905
2020-03-26 09:07:00-04:00,108.47000799999903
2020-03-26 09:06:00-04:00,108.38280799999902
2020-03-26 09:05:00-04:00,108.18279999999902
2020-03-26 09:04:00-04:00,107.908399999999
2020-03-26 09:03:00-04:00,107.599999999999
2020-03-26 09:02:00-04:00,107.377599999999
2020-03-26 09:01:00-04:00,107.19799999999903
2020-03-26 09:00:00-04:00,107.15799999999902
2020-03-26 08:59:00-04:00,107.11799999999903
2020-03-26 08:58:00-04:00,107.04039999999904
2020-03-26 08:57:00-04:00,106.92039999999903
2020-03-26 08:56:00-04:00,106.81799999999903
2020-03-26 08:55:00-04:00,106.57799999999904
2020-03-26 08:54:00-04:00,106.29799999999902
2020-03-26 08:53:00-04:00,106.16199999999901
2020-03-26 08:52:00-04:00,106.08199999999901
2020-03-26 08:51:00-04:00,105.963999999999
2020-03-26 08:50:00-04:00,105.846399999999
2020-03-26 08:49:00-04:00,105.817199999999
2020-03-26 08:48:00-04:00,105.708399999999
2020-03-26 08:47:00-04:00,105.536407999999
2020-03-26 08:46:00-04:00,105.45640799999902
2020-03-26 08:45:00-04:00,105.25480799999903
2020-03-26 08:44:00-04:00,105.16560799999903
2020-03-26 08:43:00-04:00,105.19640799999902
2020-03-26 08:42:00-04:00,105.36839999999901
2020-03-26 08:41:00-04:00,105.48839999999902
2020-03-26 08:40:00-04:00,105.787603999999
2020-03-26 08:39:00-04:00,105.91800399999902
2020-03-26 08:38:00-04:00,105.93320399999902
2020-03-26 08:37:00-04:00,105.85320399999902
2020-03-26 08:36:00-04:00,105.77320399999903
2020-03-26 08:35:00-04:00,105.59359999999904
2020-03-26 08:34:00-04:00,105.41843999999904
2020-03-26 08:33:00-04:00,105.15803999999903
2020-03-26 08:32:00-04:00,105.15003999999901
2020-03-26 08:31:00-04:00,104.990039999999
2020-03-26 08:30:00-04:00,104.58963999999901
2020-03-25 09:30:00-04:00,107.9340439999989
2020-03-25 09:29:00-04:00,108.1362439999989
2020-03-25 09:28:00-04:00,108.12104399999889
2020-03-25 09:27:00-04:00,108.35859999999889
2020-03-25 09:26:00-04:00,108.69759999999887
2020-03-25 09:25:00-04:00,108.60159999999887
2020-03-25 09:24:00-04:00,108.56039999999886
2020-03-25 09:23:00-04:00,108.90359999999887
2020-03-25 09:22:00-04:00,109.17439999999888
2020-03-25 09:21:00-04:00,109.37719999999888
2020-03-25 09:20:00-04:00,109.53719999999889
2020-03-25 09:19:00-04:00,109.65119999999891
2020-03-25 09:18:00-04:00,109.6199999999989
2020-03-25 09:17:00-04:00,109.68919999999889
2020-03-25 09:16:00-04:00,109.7843999999989
2020-03-25 09:15:00-04:00,109.96519999999889
2020-03-25 09:14:00-04:00,110.0411999999989
2020-03-25 09:13:00-04:00,110.12120799999889
2020-03-25 09:12:00-04:00,110.22120799999888
2020-03-25 09:11:00-04:00,110.14520799999889
2020-03-25 09:10:00-04:00,110.16440799999889
2020-03-25 09:09:00-04:00,110.16160799999889
2020-03-25 09:08:00-04:00,110.1415999999989
2020-03-25 09:07:00-04:00,109.8811999999989
2020-03-25 09:06:00-04:00,109.6771999999989
2020-03-25 09:05:00-04:00,109.3971999999989
2020-03-25 09:04:00-04:00,109.3175999999989
2020-03-25 09:03:00-04:00,109.2975999999989
2020-03-25 09:02:00-04:00,109.3975999999989
2020-03-25 09:01:00-04:00,109.39799999999892
2020-03-25 09:00:00-04:00,109.5579999999989
2020-03-25 08:59:00-04:00,109.68039999999891
2020-03-25 08:58:00-04:00,109.6743999999989
2020-03-25 08:57:00-04:00,109.55439999999889
2020-03-25 08:56:00-04:00,109.44319999999888
2020-03-25 08:55:00-04:00,109.01639999999888
2020-03-25 08:54:00-04:00,108.49639999999889
2020-03-25 08:53:00-04:00,108.06239999999889
2020-03-25 08:52:00-04:00,107.7023999999989
2020-03-25 08:51:00-04:00,107.4131999999989
2020-03-25 08:50:00-04:00,107.24399999999889
2020-03-25 08:49:00-04:00,107.1371999999989
2020-03-25 08:48:00-04:00,107.0571999999989
2020-03-25 08:47:00-04:00,106.98959999999889
2020-03-25 08:46:00-04:00,106.90999999999887
2020-03-25 08:45:00-04:00,106.87439999999887
2020-03-25 08:44:00-04:00,106.87439999999887
2020-03-25 08:43:00-04:00,106.88319999999888
2020-03-25 08:42:00-04:00,106.91279999999888
2020-03-25 08:41:00-04:00,106.91239999999888
2020-03-25 08:40:00-04:00,106.8639999999989
2020-03-25 08:39:00-04:00,106.9003999999989
2020-03-25 08:38:00-04:00,106.95159999999889
2020-03-25 08:37:00-04:00,106.9895999999989
2020-03-25 08:36:00-04:00,107.1095999999989
2020-03-25 08:35:00-04:00,107.1559999999989
2020-03-25 08:34:00-04:00,107.1059999999989
2020-03-25 08:33:00-04:00,107.0259999999989
2020-03-25 08:32:00-04:00,106.9839999999989
2020-03-25 08:31:00-04:00,106.90399999999889
2020-03-25 08:30:00-04:00,106.89719999999889
